t,2023-07-25 16:25:37.09972,1,1,2023-07-25 16:25:37.09972,2,Write a comprehensive project proposal for the new client.,HIGH,Complete Project Proposal
f,2023-07-25 16:30:07.80358,2,2,2023-07-25 16:30:07.80358,2,Implement user authentication and login functionality.,HIGH,Implement User Authentication
t,2023-07-25 16:31:46.48206,1,3,2023-07-25 16:31:46.48206,1,Create a database schema for the application.,LOW,Design Database Schema
f,2023-07-25 16:32:38.850838,1,4,2023-07-25 16:32:38.850838,1,Develop the frontend of the application using React.,HIGH,Implement Frontend
t,2023-07-25 16:34:17.956988,1,5,2023-07-25 16:34:17.956988,1,Prepare comprehensive API documentation for the backend.,LOW,Write API Documentation
f,2023-07-25 16:35:47.278101,1,6,2023-07-25 16:35:47.278101,1,Perform thorough testing of the application.,HIGH,Test Application
t,2023-07-25 16:46:15.997927,1,7,2023-07-25 16:46:15.997927,1,Address and fix bugs reported during testing.,LOW,Fix Bugs
t,2023-07-25 17:56:14.47683,1,8,2023-07-25 17:56:14.47683,1,Prepare the application for deployment to production servers.,HIGH,Deploy Application
f,2023-07-25 17:57:05.427887,1,9,2023-07-25 17:57:05.427887,1,Set up monitoring tools to track server performance.,LOW,Monitor Server Performance
t,2023-07-25 17:58:07.773308,1,10,2023-07-25 17:58:07.773308,1,Compile release notes for the upcoming software release.,HIGH,Prepare Release Notes
